{"cameraMode":{"drawMode":0,"name":"Shaded","section":"Shading Mode"},"sceneLighting":true,"audioPlay":false,"sceneViewState":{"m_AlwaysRefresh":false,"showFog":true,"showSkybox":true,"showFlares":true,"showImageEffects":true,"showParticleSystems":true,"showVisualEffectGraphs":true,"m_FxEnabled":true},"in2DMode":false,"pivot":{"x":-2.367680788040161,"y":-14.251890182495118,"z":17.32750701904297},"rotation":{"x":0.44925573468208315,"y":0.22088871896266938,"z":-0.11567167192697525,"w":0.8579089045524597},"size":78.89996337890625,"orthographic":true}